Timestamp,Publisher,Pattern Name or Number,Pattern URL,Pattern Availability,Pattern Language,Pattern Type,Body - Chest (largest size),Body - Waist (largest size),Body - Hip (largest size),Finished - Chest (largest size),Finished - Waist (largest size),Finished - Hip (largest size),Body - Chest (smallest size),Body - Waist (smallest size),Body - Hip (smallest size),Finished - Chest (smallest size),Finished - Waist (smallest size),Finished - Hip (smallest size)
5/18/2023 22:01:56,Butterick,B6931,https://simplicity.com/butterick/pdb6931,Paid,English,Tops,60,54.5,62,,,,42,35,44,,,
5/18/2023 22:30:25,Butterick,B6927,https://simplicity.com/butterick/b6927,Paid,English,Dresses,60,54.5,62,,,,42,35,44,,,
5/18/2023 22:32:41,Butterick,B6918,https://simplicity.com/butterick/b6918,Paid,English,Coats & Capes,60,54.5,62,,,,42,35,44,,,
5/18/2023 22:34:31,Butterick,b6912,https://simplicity.com/butterick/b6912,Paid,English,Pants & Shorts,60,54.5,62,,,,42,35,44,,,
5/18/2023 22:37:39,butterick,b6902,https://simplicity.com/butterick/b6902,Paid,English,Pants & Shorts,60,54.5,62,,,,42,35,44,,,
5/18/2023 22:42:05,butterick,pdb6896,https://simplicity.com/butterick/pdb6896,Paid,English,Tops,60,54.5,62,68,70,,42,35,44,50,52,
5/18/2023 22:53:28,mccall's,m8385,https://simplicity.com/mccalls/m8385,Paid,English,Dresses,60,54.5,62,,,,42,35,44,,,
5/18/2023 22:57:43,mccall's,m8387,https://simplicity.com/mccalls/m8387,Paid,English,Tops,60,54.5,62,,,,42,35,44,,,
5/18/2023 22:59:18,McCall's,M8390,https://simplicity.com/mccalls/m8390,Paid,English,Skirts,60,54.5,62,,,,42,35,44,,,
5/18/2023 23:03:22,McCall's,m8366,https://simplicity.com/mccalls/m8366,Paid,English,Jackets & Vests,60,54.5,62,,,,42,35,44,,,
5/18/2023 23:05:14,mccall's,m8362,https://simplicity.com/mccalls/m8362,Paid,English,Dresses,60,54.5,62,,,,42,35,44,,,
5/18/2023 23:07:31,mccalls,m8362,https://simplicity.com/mccalls/m8362,Paid,English,Dresses,60,54.5,62,,,,42,35,44,,,
5/18/2023 23:08:45,mccall's,m8349,https://simplicity.com/mccalls/m8349,Paid,English,Coordinates,60,54.5,62,,,,42,35,44,,,
5/18/2023 23:10:00,mccall's,m8331,https://simplicity.com/mccalls/m8331,Paid,English,Dresses,60,54.5,62,,,,42,35,44,,,
5/18/2023 23:13:07,McCall's,m8328,https://simplicity.com/mccalls/m8328,Paid,English,Skirts,60,54.5,62,,,,42,35,44,,,
5/18/2023 23:14:31,mccall's,m8330,https://simplicity.com/mccalls/pdm8330,Paid,English,Swimwear,60,54.5,62,,,,42,35,44,,,
5/19/2023 14:11:05,Know Me,ME2028,https://simplicity.com/know-me/me2028,Paid,English,Coordinates,60,54.5,62,,,,38,31,40,,,
5/19/2023 14:13:28,Know Me,ME2013,https://simplicity.com/know-me/me2013,Paid,English,Coordinates,60,54.5,62,,,,32.5,25,34.5,,,
5/19/2023 14:15:28,Know Me,ME2015,https://simplicity.com/know-me/me2015,Paid,English,Coordinates,60,54.5,62,,,,38,31,40,,,
5/19/2023 14:17:01,Know Me,ME2020,https://simplicity.com/know-me/me2020,Paid,English,Dresses,60,54.5,62,,,,32.5,25,34.5,,,
5/19/2023 14:19:38,Know Me,ME2001,https://simplicity.com/know-me/me2001,Paid,English,Coordinates,60,54.5,62,,,,32.5,25,34.5,,,
5/19/2023 14:20:30,Know Me,ME2002,https://simplicity.com/know-me/me2002,Paid,English,Coordinates,60,54.5,62,,,,32.5,25,34.5,,,
5/19/2023 14:22:20,Know Me,ME2005,https://simplicity.com/know-me/me2005,Paid,English,Coordinates,60,54.5,62,,,,38,31,40,,,
5/19/2023 14:23:39,Know Me,ME2008,https://simplicity.com/know-me/me2008,Paid,English,Jumpsuits,60,54.5,62,,,,32.5,25,34.5,,,
5/19/2023 14:28:38,Burda,BUR6306,https://simplicity.com/burda-style/bur6306,Paid,English,Tops,57.5,50.5,60,,,,41,34,43.5,,,
5/19/2023 14:30:03,Burda,BUR6305,https://simplicity.com/burda-style/bur6305,Paid,English,Coordinates,57.5,50.5,60,,,,41,34,43.5,,,
5/19/2023 14:31:24,Burda,BUR6309,https://simplicity.com/burda-style/bur6309,Paid,English,Pants & Shorts,57.5,50.5,60,,,,41,34,43.5,,,
5/19/2023 14:32:21,Burda,BUR6307,https://simplicity.com/burda-style/bur6307,Paid,English,Tops,57.5,50.5,60,,,,41,34,43.5,,,
5/19/2023 14:33:35,Burda,BUR6445,https://simplicity.com/burda-style/bur6445,Paid,English,Tops,57.5,50.5,60,,,,41,34,43.5,,,
5/19/2023 14:35:03,Burda,BUR6446,https://simplicity.com/burda-style/bur6446,Paid,English,Tops,57.5,50.5,60,,,,41,34,43.5,,,
5/19/2023 14:36:12,Burda,BUR6491,https://simplicity.com/burda-style/bur6491,Paid,English,Skirts,57.5,50.5,60,,,,41,34,43.5,,,
5/19/2023 14:37:20,Burda,BUR6552,https://simplicity.com/burda-style/bur6552,Paid,English,Tops,57.5,50.5,60,,,,41,34,43.5,,,
5/19/2023 14:38:14,Burda,BUR6672,https://simplicity.com/burda-style/bur6672,Paid,English,Coordinates,57.5,50.5,60,,,,41,34,43.5,,,
5/19/2023 14:39:29,Burda,BUR6680,https://simplicity.com/burda-style/bur6680,Paid,English,Dresses,57.5,50.5,60,,,,41,34,43.5,,,
5/19/2023 14:41:10,Burda,BUR6947,https://simplicity.com/burda-style/bur6947,Paid,English,Dresses,57.5,50.5,60,,,,39.5,32.5,41.75,,,
5/19/2023 14:42:08,Burda,BUR6859,https://simplicity.com/burda-style/bur6859,Paid,English,Pants & Shorts,57.5,50.5,60,,,,39.5,32.5,41.75,,,
5/19/2023 18:49:47,Simplicity,s9790,https://simplicity.com/simplicity/s9790,Paid,English,Coordinates,60,54.5,62,,,,42,35,44,,,
5/19/2023 18:51:08,Simplicity,s9787,https://simplicity.com/simplicity/s9787,Paid,English,Skirts,60,54.5,62,,,,42,35,44,,,
5/19/2023 18:52:28,Simplicity,s9777,https://simplicity.com/simplicity/s9777,Paid,English,Dresses,60,54.5,62,,,,42,35,44,,,
5/19/2023 18:55:48,Simplicity,S9777,https://simplicity.com/simplicity/s9777,Paid,English,Dresses,60,54.5,62,,,,42,35,44,,,
5/19/2023 18:57:39,simplicity,s9752,https://simplicity.com/simplicity/s9752,Paid,English,Coordinates,60,54.5,62,,,,42,35,44,,,
5/19/2023 18:59:03,simplicitY,s9743,https://simplicity.com/simplicity/s9743,Paid,English,Dresses,60,54.5,62,,,,42,35,44,,,
5/19/2023 19:00:45,simplicity,s9741,https://simplicity.com/simplicity/s9741,Paid,English,Dresses,60,54.5,62,,,,42,35,44,,,
5/19/2023 19:01:41,simplicity,s9704,https://simplicity.com/simplicity/s9704,Paid,English,Dresses,60,54.5,62,,,,42,35,44,,,
5/19/2023 19:02:59,simplicity,s9717,https://simplicity.com/simplicity/s9717,Paid,English,Coordinates,60,54.5,62,,,,42,35,44,,,
5/19/2023 19:03:54,simplicity,s9712,https://simplicity.com/simplicity/s9712,Paid,English,Skirts,60,54.5,62,,,,42,35,44,,,
5/19/2023 19:05:14,simplicity,s9708,https://simplicity.com/simplicity/s9708,Paid,English,Tops,60,54.5,62,,,,42,35,44,,,
5/19/2023 19:06:16,simplicity,s9686,https://simplicity.com/simplicity/s9686,Paid,English,Coordinates,60,54.5,62,,,,42,35,44,,,
5/19/2023 19:06:55,simplicity,s9680,https://simplicity.com/simplicity/s9680,Paid,English,Tops,60,54.5,62,,,,42,35,44,,,
5/19/2023 19:07:49,simplicity,s9688,https://simplicity.com/simplicity/s9688,Paid,English,Jackets & Vests,60,54.5,62,,,,42,35,44,,,
5/19/2023 19:15:59,Simplicity,s9689,https://simplicity.com/simplicity/s9689,Paid,English,Coordinates,60,54.5,62,,,,32.5,25,34,,,
5/19/2023 19:17:40,simplicity,s9688,https://simplicity.com/simplicity/s9688,Paid,English,Jackets & Vests,60,54.5,62,,,,32.5,25,34,,,
5/19/2023 19:20:28,simplicity,s9643,https://simplicity.com/simplicity/s9643,Paid,English,Dresses,60,54.5,62,,,,42,35,44,,,
5/19/2023 19:21:48,simplicity,s9637,https://simplicity.com/simplicity/s9637,Paid,English,Coordinates,60,54.5,62,,,,42,35,44,,,