{
    "profile": "tabular-data-package",
    "resources": [
        {
            "profile": "tabular-data-resource",
            "encoding": "utf-8",
            "schema": {
                "fields": [
                    {
                        "name": "Timestamp",
                        "trueValues": [
                            "true",
                            "True",
                            "TRUE",
                            "1"
                        ],
                        "falseValues": [
                            "false",
                            "False",
                            "FALSE",
                            "0"
                        ],
                        "decimalChar": ".",
                        "groupChar": "",
                        "bareNumber": true,
                        "type": "datetime",
                        "format": "any",
                        "title": "dateAccepted",
                        "description": "The date and time the pattern was submitted to the form. Format: MM/DD/YYYY HH:MM:SS.",
                        "constraints": {
                            "required": true
                        }
                    },
                    {
                        "name": "Publisher",
                        "trueValues": [
                            "true",
                            "True",
                            "TRUE",
                            "1"
                        ],
                        "falseValues": [
                            "false",
                            "False",
                            "FALSE",
                            "0"
                        ],
                        "decimalChar": ".",
                        "groupChar": "",
                        "bareNumber": true,
                        "type": "any",
                        "format": "default",
                        "title": "publisher",
                        "description": "The person or organization that published or distributed the pattern.",
                        "constraints": {
                            "required": true
                        }
                    },
                    {
                        "name": "Pattern Name or Number",
                        "trueValues": [
                            "true",
                            "True",
                            "TRUE",
                            "1"
                        ],
                        "falseValues": [
                            "false",
                            "False",
                            "FALSE",
                            "0"
                        ],
                        "decimalChar": ".",
                        "groupChar": "",
                        "bareNumber": true,
                        "type": "any",
                        "format": "default",
                        "title": "title",
                        "description": "A name given to the pattern.",
                        "constraints": {
                            "required": true
                        }
                    },
                    {
                        "name": "Pattern URL",
                        "trueValues": [
                            "true",
                            "True",
                            "TRUE",
                            "1"
                        ],
                        "falseValues": [
                            "false",
                            "False",
                            "FALSE",
                            "0"
                        ],
                        "decimalChar": ".",
                        "groupChar": "",
                        "bareNumber": true,
                        "type": "any",
                        "format": "default",
                        "title": "identifier",
                        "description": "A functional URL that links to the pattern.",
                        "constraints": {
                            "required": true
                        }
                    },
                    {
                        "name": "Pattern Availability",
                        "trueValues": [
                            "Paid"
                        ],
                        "falseValues": [
                            "Free"
                        ],
                        "decimalChar": ".",
                        "groupChar": "",
                        "bareNumber": true,
                        "type": "any",
                        "format": "default",
                        "title": "cost",
                        "description": "Lists if the pattern is free or not.",
                        "constraints": {}
                    },
                    {
                        "name": "Pattern Language",
                        "trueValues": [
                            "true",
                            "True",
                            "TRUE",
                            "1"
                        ],
                        "falseValues": [
                            "false",
                            "False",
                            "FALSE",
                            "0"
                        ],
                        "decimalChar": ".",
                        "groupChar": "",
                        "bareNumber": true,
                        "type": "any",
                        "format": "default",
                        "title": "language",
                        "description": "The language of the pattern.",
                        "constraints": {
                            "required": true
                        }
                    },
                    {
                        "name": "Pattern Type",
                        "trueValues": [
                            "true",
                            "True",
                            "TRUE",
                            "1"
                        ],
                        "falseValues": [
                            "false",
                            "False",
                            "FALSE",
                            "0"
                        ],
                        "decimalChar": ".",
                        "groupChar": "",
                        "bareNumber": true,
                        "type": "any",
                        "format": "default",
                        "title": "type",
                        "description": "The garment type of the pattern.",
                        "constraints": {
                            "required": true
                        }
                    },
                    {
                        "name": "Body - Chest (largest size)",
                        "trueValues": [
                            "true",
                            "True",
                            "TRUE",
                            "1"
                        ],
                        "falseValues": [
                            "false",
                            "False",
                            "FALSE",
                            "0"
                        ],
                        "decimalChar": ".",
                        "groupChar": "",
                        "bareNumber": true,
                        "type": "number",
                        "format": "default",
                        "description": "Measurement in inches of the largest chest size in the pattern's size range.",
                        "title": "maxChestBody"
                    },
                    {
                        "name": "Body - Waist (largest size)",
                        "trueValues": [
                            "true",
                            "True",
                            "TRUE",
                            "1"
                        ],
                        "falseValues": [
                            "false",
                            "False",
                            "FALSE",
                            "0"
                        ],
                        "decimalChar": ".",
                        "groupChar": "",
                        "bareNumber": true,
                        "type": "number",
                        "format": "default",
                        "title": "maxWaistBody",
                        "description": "Measurement in inches of the largest waist size in the pattern's size range."
                    },
                    {
                        "name": "Body - Hip (largest size)",
                        "trueValues": [
                            "true",
                            "True",
                            "TRUE",
                            "1"
                        ],
                        "falseValues": [
                            "false",
                            "False",
                            "FALSE",
                            "0"
                        ],
                        "decimalChar": ".",
                        "groupChar": "",
                        "bareNumber": true,
                        "type": "number",
                        "format": "default",
                        "title": "maxHipsBody",
                        "description": "Measurement in inches of the largest hip size in the pattern's size range."
                    },
                    {
                        "name": "Finished - Chest (largest size)",
                        "trueValues": [
                            "true",
                            "True",
                            "TRUE",
                            "1"
                        ],
                        "falseValues": [
                            "false",
                            "False",
                            "FALSE",
                            "0"
                        ],
                        "decimalChar": ".",
                        "groupChar": "",
                        "bareNumber": true,
                        "type": "number",
                        "format": "default",
                        "title": "maxChestGarment",
                        "description": "Measurement in inches of largest waist of finished garment."
                    },
                    {
                        "name": "Finished - Waist (largest size)",
                        "trueValues": [
                            "true",
                            "True",
                            "TRUE",
                            "1"
                        ],
                        "falseValues": [
                            "false",
                            "False",
                            "FALSE",
                            "0"
                        ],
                        "decimalChar": ".",
                        "groupChar": "",
                        "bareNumber": true,
                        "type": "number",
                        "format": "default",
                        "title": "maxWaistGarment",
                        "description": "Measurement in inches of largest waist of finished garment."
                    },
                    {
                        "name": "Finished - Hip (largest size)",
                        "trueValues": [
                            "true",
                            "True",
                            "TRUE",
                            "1"
                        ],
                        "falseValues": [
                            "false",
                            "False",
                            "FALSE",
                            "0"
                        ],
                        "decimalChar": ".",
                        "groupChar": "",
                        "bareNumber": true,
                        "type": "number",
                        "format": "default",
                        "title": "maxHipsGarment",
                        "description": "Measurement in inches of largest waist of finished garment."
                    },
                    {
                        "name": "Body - Chest (smallest size)",
                        "trueValues": [
                            "true",
                            "True",
                            "TRUE",
                            "1"
                        ],
                        "falseValues": [
                            "false",
                            "False",
                            "FALSE",
                            "0"
                        ],
                        "decimalChar": ".",
                        "groupChar": "",
                        "bareNumber": true,
                        "type": "number",
                        "format": "default",
                        "title": "minChestBody",
                        "description": "Measurement in inches of the smallest chest size in the pattern's size range."
                    },
                    {
                        "name": "Body - Waist (smallest size)",
                        "trueValues": [
                            "true",
                            "True",
                            "TRUE",
                            "1"
                        ],
                        "falseValues": [
                            "false",
                            "False",
                            "FALSE",
                            "0"
                        ],
                        "decimalChar": ".",
                        "groupChar": "",
                        "bareNumber": true,
                        "type": "number",
                        "format": "default",
                        "title": "minWaistBody",
                        "description": "Measurement in inches of the smallest waist size in the pattern's size range."
                    },
                    {
                        "name": "Body - Hip (smallest size)",
                        "trueValues": [
                            "true",
                            "True",
                            "TRUE",
                            "1"
                        ],
                        "falseValues": [
                            "false",
                            "False",
                            "FALSE",
                            "0"
                        ],
                        "decimalChar": ".",
                        "groupChar": "",
                        "bareNumber": true,
                        "type": "number",
                        "format": "default",
                        "title": "minHipsBody",
                        "description": "Measurement in inches of the smallest hip size in the pattern's size range."
                    },
                    {
                        "name": "Finished - Chest (smallest size)",
                        "trueValues": [
                            "true",
                            "True",
                            "TRUE",
                            "1"
                        ],
                        "falseValues": [
                            "false",
                            "False",
                            "FALSE",
                            "0"
                        ],
                        "decimalChar": ".",
                        "groupChar": "",
                        "bareNumber": true,
                        "type": "number",
                        "format": "default",
                        "title": "minChestGarment",
                        "description": "Measurement in inches of smallest waist of finished garment."
                    },
                    {
                        "name": "Finished - Waist (smallest size)",
                        "trueValues": [
                            "true",
                            "True",
                            "TRUE",
                            "1"
                        ],
                        "falseValues": [
                            "false",
                            "False",
                            "FALSE",
                            "0"
                        ],
                        "decimalChar": ".",
                        "groupChar": "",
                        "bareNumber": true,
                        "type": "number",
                        "format": "default",
                        "title": "minWaistGarment",
                        "description": "Measurement in inches of smallest waist of finished garment."
                    },
                    {
                        "name": "Finished - Hip (smallest size)",
                        "trueValues": [
                            "true",
                            "True",
                            "TRUE",
                            "1"
                        ],
                        "falseValues": [
                            "false",
                            "False",
                            "FALSE",
                            "0"
                        ],
                        "decimalChar": ".",
                        "groupChar": "",
                        "bareNumber": true,
                        "type": "number",
                        "format": "default",
                        "title": "minHipsGarment",
                        "description": "Measurement in inches of smallest waist of finished garment."
                    }
                ],
                "missingValues": [
                    ""
                ]
            },
            "format": "csv",
            "mediatype": "text/csv",
            "dialect": {
                "delimiter": ",",
                "doubleQuote": true,
                "lineTerminator": "\r\n",
                "quoteChar": "\"",
                "skipInitialSpace": true,
                "header": true,
                "caseSensitiveHeader": false
            },
            "name": "sis_form_responses",
            "title": "SIS Database - Form Responses",
            "description": "The collected data from the Size-Inclusive Sewing database, as of 5/21/23.",
            "path": "data/Size-Inclusive Sewing (Responses) - Form Responses 2.csv"
        }
    ],
    "name": "sis_2023_5",
    "title": "SIS Database - May 2023",
    "description": "The curated and validated data from the Size-Inclusive Sewing database, as of 5/21/23."
}